FIPS,PER_COUNTY
36001,1.8753531861817652
36003,2.8773814249178082
36005,0.0
36007,2.272504363109773
36009,2.094543314860348
36011,0.0
36013,2.748329001197731
36015,0.16437375798911358
36017,2.158313973747051
36019,0.15183486014540315
36021,0.0
36023,0.0
36025,0.32456401494083453
36027,0.0
36029,0.6693803961507923
36031,0.0
36033,0.9795909818527596
36035,1.359375603611812
36037,0.0
36039,0.0
36041,0.0
36043,0.7756004720030093
36045,0.30347056313017573
36047,0
36049,6.806207251498639
36051,0.0
36053,0.16060506065728034
36055,0.2486933038374232
36057,0.0
36059,0.0
36061,0.0
36063,13.999145233261125
36065,1.8105776202721553
36067,0.9546755565874326
36069,0.6243819713744592
36071,0.0
36073,0.0
36075,0.0
36077,0.0
36079,0.0
36081,0
36083,0.08353724053705675
36085,0.0
36087,0.0
36089,0.5115846993448335
36091,0.434560382458888
36093,2.635470839630426
36095,4.295041491250205
36097,0.0
36099,0.0
36101,0.656588208674682
36103,0.0
36105,0.0
36107,0.16838697318315615
36109,6.350816487593518
36111,0.0
36113,0.5165316491205503
36115,0.0
36117,0.0
36119,0.0
36121,0.0
36123,0.7352386011073465
